{
  "project_info": {
    "project_number": "184897024167",
    "project_id": "my-storage-54c62",
    "storage_bucket": "my-storage-54c62.appspot.com"
  },
  "client": [
    {
      "client_info": {
        "mobilesdk_app_id": "1:184897024167:android:089250728a8c2ed3deeb82",
        "android_client_info": {
          "package_name": "com.example.mystorage"
        }
      },
      "oauth_client": [
        {
          "client_id": "184897024167-tvro7vai9nt9kqlqe71qpdu096rcbf14.apps.googleusercontent.com",
          "client_type": 3
        }
      ],
      "api_key": [
        {
          "current_key": "AIzaSyDRy1ErU6ZdkTJtasSvGzQCiLRcjcV1k6I"
        }
      ],
      "services": {
        "appinvite_service": {
          "other_platform_oauth_client": [
            {
              "client_id": "184897024167-tvro7vai9nt9kqlqe71qpdu096rcbf14.apps.googleusercontent.com",
              "client_type": 3
            }
          ]
        }
      }
    }
  ],
  "configuration_version": "1"
}